seed,architecture,patient_group,measure,patients,spearman_rho,p_value_descriptive_only
42,joint_4ch,non-HFrEF,mean_estimated_heart_rate_bpm,440,-0.034141094830974425,0.47502887532246885
42,joint_4ch,non-HFrEF,mean_baseline_drift_rms_ratio,440,-0.06237907877998993,0.19154417838269325
42,joint_4ch,non-HFrEF,mean_high_frequency_rms_ratio,440,-0.1332427524747733,0.005118728044516622
42,joint_4ch,non-HFrEF,mean_full_scale_sample_fraction,440,0.007044921919373115,0.8828502511880282
42,joint_4ch,non-HFrEF,mean_longest_constant_run_s,440,-0.13863136764767578,0.0035709783529531422
42,joint_4ch,non-HFrEF,failed_site_count,440,0.06304278073886141,0.18685235762018912
42,joint_4ch,non-HFrEF,quality_flag_site_count,440,0.007805162779221054,0.8703143307536491
42,joint_4ch,HFrEF,mean_estimated_heart_rate_bpm,60,0.19438732981383722,0.13667688127381664
42,joint_4ch,HFrEF,mean_baseline_drift_rms_ratio,60,0.09102528480133372,0.48913532156307493
42,joint_4ch,HFrEF,mean_high_frequency_rms_ratio,60,-0.048457904973603784,0.7131166999542675
42,joint_4ch,HFrEF,mean_full_scale_sample_fraction,60,0.2029955011975299,0.11981174980773437
42,joint_4ch,HFrEF,mean_longest_constant_run_s,60,-0.30430390393486323,0.018083475075137974
42,joint_4ch,HFrEF,failed_site_count,60,-0.0864513011794331,0.5113137064664217
42,joint_4ch,HFrEF,quality_flag_site_count,60,0.19636046183617217,0.1326618972091053
42,joint_4ch,all,mean_estimated_heart_rate_bpm,500,0.011418093672374688,0.7989659293867816
42,joint_4ch,all,mean_baseline_drift_rms_ratio,500,-0.10383430333721336,0.020218149458125143
42,joint_4ch,all,mean_high_frequency_rms_ratio,500,-0.1657797031188125,0.00019650775675697518
42,joint_4ch,all,mean_full_scale_sample_fraction,500,0.11803049495814648,0.008244805644954115
42,joint_4ch,all,mean_longest_constant_run_s,500,-0.19819721074316582,8.00304687898203e-06
42,joint_4ch,all,failed_site_count,500,0.06611806844826534,0.13984715921896335
42,joint_4ch,all,quality_flag_site_count,500,0.11907040889910449,0.007691523344236923
42,shared_site,non-HFrEF,mean_estimated_heart_rate_bpm,440,-0.03569942369161373,0.4550965299383034
42,shared_site,non-HFrEF,mean_baseline_drift_rms_ratio,440,0.016473742116436547,0.7303977101580641
42,shared_site,non-HFrEF,mean_high_frequency_rms_ratio,440,-0.2624865643088877,2.2891745257953027e-08
42,shared_site,non-HFrEF,mean_full_scale_sample_fraction,440,-0.002789286973353231,0.9534760098923598
42,shared_site,non-HFrEF,mean_longest_constant_run_s,440,-0.1381817040193567,0.0036816612168941777
42,shared_site,non-HFrEF,failed_site_count,440,0.0973572056979885,0.04122856886431628
42,shared_site,non-HFrEF,quality_flag_site_count,440,-0.0022468770480345243,0.9625157142312848
42,shared_site,HFrEF,mean_estimated_heart_rate_bpm,60,0.18299527646568495,0.16166109489457156
42,shared_site,HFrEF,mean_baseline_drift_rms_ratio,60,-0.034398444012225624,0.79415314553409
42,shared_site,HFrEF,mean_high_frequency_rms_ratio,60,-0.23956654626285084,0.06524360516163663
42,shared_site,HFrEF,mean_full_scale_sample_fraction,60,0.13448264965112705,0.30562381231441726
42,shared_site,HFrEF,mean_longest_constant_run_s,60,-0.09846362849066727,0.45417462597730673
42,shared_site,HFrEF,failed_site_count,60,-0.14659133678251698,0.263713937342164
42,shared_site,HFrEF,quality_flag_site_count,60,0.1334051992627429,0.3095505510824362
42,shared_site,all,mean_estimated_heart_rate_bpm,500,0.007013884055536222,0.8756825843208712
42,shared_site,all,mean_baseline_drift_rms_ratio,500,-0.050358249432997736,0.2610386734145739
42,shared_site,all,mean_high_frequency_rms_ratio,500,-0.28812720050880203,5.156239875412446e-11
42,shared_site,all,mean_full_scale_sample_fraction,500,0.10782392895235189,0.01586452055705463
42,shared_site,all,mean_longest_constant_run_s,500,-0.19560902238653985,1.0547510215341182e-05
42,shared_site,all,failed_site_count,500,0.08316343209164448,0.0631468062833025
42,shared_site,all,quality_flag_site_count,500,0.1087781054571825,0.014954074125649348
2026,joint_4ch,non-HFrEF,mean_estimated_heart_rate_bpm,440,0.03606174712585386,0.4505302873317212
2026,joint_4ch,non-HFrEF,mean_baseline_drift_rms_ratio,440,-0.03352153866309415,0.48308421639666754
2026,joint_4ch,non-HFrEF,mean_high_frequency_rms_ratio,440,-0.16912319701125428,0.0003664082691990123
2026,joint_4ch,non-HFrEF,mean_full_scale_sample_fraction,440,-0.0242189352386492,0.6124005158620685
2026,joint_4ch,non-HFrEF,mean_longest_constant_run_s,440,-0.0933625296610485,0.05033635393524609
2026,joint_4ch,non-HFrEF,failed_site_count,440,-0.007980098827703978,0.8674342119505399
2026,joint_4ch,non-HFrEF,quality_flag_site_count,440,-0.023455460869416585,0.6236571560884514
2026,joint_4ch,HFrEF,mean_estimated_heart_rate_bpm,60,0.12659071964434568,0.3351336709521183
2026,joint_4ch,HFrEF,mean_baseline_drift_rms_ratio,60,0.034954153931647684,0.7909022784371462
2026,joint_4ch,HFrEF,mean_high_frequency_rms_ratio,60,-0.04834676298971938,0.7137464062708962
2026,joint_4ch,HFrEF,mean_full_scale_sample_fraction,60,0.09528970837349045,0.46892181528061794
2026,joint_4ch,HFrEF,mean_longest_constant_run_s,60,-0.08593495159475828,0.5138491097013025
2026,joint_4ch,HFrEF,failed_site_count,60,-0.11652131898097506,0.37528936602523333
2026,joint_4ch,HFrEF,quality_flag_site_count,60,0.09443289386014388,0.4729466431620182
2026,joint_4ch,all,mean_estimated_heart_rate_bpm,500,0.059658478633914526,0.1829089009007354
2026,joint_4ch,all,mean_baseline_drift_rms_ratio,500,-0.07992742370969483,0.07416146847623814
2026,joint_4ch,all,mean_high_frequency_rms_ratio,500,-0.1857634310537242,2.91720010462155e-05
2026,joint_4ch,all,mean_full_scale_sample_fraction,500,0.08284861952283532,0.06415544341753063
2026,joint_4ch,all,mean_longest_constant_run_s,500,-0.14841668762999702,0.0008720675395344779
2026,joint_4ch,all,failed_site_count,500,0.006010733495296851,0.8933480912928233
2026,joint_4ch,all,quality_flag_site_count,500,0.083795969830464,0.06115969048454014
2026,shared_site,non-HFrEF,mean_estimated_heart_rate_bpm,440,-0.08619761841369392,0.07086894441090039
2026,shared_site,non-HFrEF,mean_baseline_drift_rms_ratio,440,-0.02065370360196263,0.6657054833811513
2026,shared_site,non-HFrEF,mean_high_frequency_rms_ratio,440,-0.19472757419389375,3.914767524970437e-05
2026,shared_site,non-HFrEF,mean_full_scale_sample_fraction,440,0.003967414469326438,0.9338636407993753
2026,shared_site,non-HFrEF,mean_longest_constant_run_s,440,-0.10710788723217422,0.024653470314333837
2026,shared_site,non-HFrEF,failed_site_count,440,0.02979236895676151,0.5330935234704508
2026,shared_site,non-HFrEF,quality_flag_site_count,440,0.004310721976987585,0.9281555665424739
2026,shared_site,HFrEF,mean_estimated_heart_rate_bpm,60,0.21183662128368996,0.10419215912923833
2026,shared_site,HFrEF,mean_baseline_drift_rms_ratio,60,0.048513475965546,0.7128019181486727
2026,shared_site,HFrEF,mean_high_frequency_rms_ratio,60,-0.06429563767713255,0.6255067971860908
2026,shared_site,HFrEF,mean_full_scale_sample_fraction,60,0.28392443719448174,0.027915957794877322
2026,shared_site,HFrEF,mean_longest_constant_run_s,60,-0.3189627361866762,0.012993173616103536
2026,shared_site,HFrEF,failed_site_count,60,-0.10900381453058955,0.4070745274953961
2026,shared_site,HFrEF,quality_flag_site_count,60,0.27730294228772406,0.03194833571216673
2026,shared_site,all,mean_estimated_heart_rate_bpm,500,-0.023920991683966733,0.5935994631650789
2026,shared_site,all,mean_baseline_drift_rms_ratio,500,-0.08197760791043164,0.06701538610780032
2026,shared_site,all,mean_high_frequency_rms_ratio,500,-0.22609847239388958,3.2323068240547134e-07
2026,shared_site,all,mean_full_scale_sample_fraction,500,0.1220965791141016,0.006265307881067461
2026,shared_site,all,mean_longest_constant_run_s,500,-0.17572607340480276,7.805324073003071e-05
2026,shared_site,all,failed_site_count,500,0.0401014607820551,0.3708878234146412
2026,shared_site,all,quality_flag_site_count,500,0.12264547978538388,0.006033673343329815
